caldt,vwretd,ewretd
19251231,,
19260130,0.000561,0.023174
19260227,-0.033046,-0.05351
19260331,-0.064002,-0.096824
19260430,0.037019,0.032946
19260528,0.012095,0.001035
19260630,0.053664,0.050487
19260731,0.031411,0.013076
19260831,0.028647,0.031002
19260930,0.005787,-0.006499
19261030,-0.028996,-0.03463
19261130,0.028554,0.024776
19261231,0.029211,0.025516
19270131,0.002416,0.012556
19270228,0.045367,0.055756
19270331,0.003756,-0.01929
19270430,0.007225,0.007494
19270531,0.057773,0.062691
19270630,-0.021087,-0.019708
19270730,0.075279,0.05808
19270831,0.02249,0.004247
19270930,0.049924,0.032308
19271031,-0.04077,-0.038529
19271130,0.068453,0.097758
19271231,0.023782,0.029677
19280131,-0.00334,0.032441
19280229,-0.014478,-0.022508
19280331,0.090478,0.071583
19280430,0.043846,0.087466
19280531,0.01769,0.037591
19280630,-0.045245,-0.069074
19280731,0.0094,0.003047
19280831,0.070206,0.058396
19280929,0.031498,0.049244
19281031,0.019228,0.017469
19281130,0.1215,0.115203
19281231,0.005557,-0.005552
19290131,0.053935,0.033526
19290228,-0.000446,0.006487
19290328,-0.007808,-0.032105
19290430,0.017179,0.014024
19290531,-0.059923,-0.091046
19290629,0.101573,0.073428
19290731,0.045958,0.018561
19290830,0.085343,0.028368
19290930,-0.050455,-0.04373
19291031,-0.196684,-0.212145
19291127,-0.123812,-0.122533
19291231,0.01639,-0.025598
19300131,0.058407,0.109826
19300228,0.028242,0.033599
19300331,0.074631,0.103754
19300430,-0.020541,-0.0416
19300529,-0.01401,-0.037227
19300630,-0.15998,-0.188159
19300731,0.041964,0.037631
19300829,0.003663,-0.017319
19300930,-0.124805,-0.150475
19301031,-0.086579,-0.096057
19301129,-0.028057,-0.024128
19301231,-0.077739,-0.136846
19310131,0.063792,0.141828
19310228,0.109695,0.156753
19310331,-0.062866,-0.061871
19310430,-0.100219,-0.15087
19310529,-0.133836,-0.140379
19310630,0.14034,0.18217
19310731,-0.066438,-0.070214
19310831,0.003078,-0.018724
19310930,-0.291731,-0.312753
19311031,0.081509,0.105333
19311130,-0.088402,-0.088216
19311231,-0.134971,-0.187239
19320130,-0.010534,0.08592
19320229,0.057663,0.022732
19320331,-0.110599,-0.119564
19320430,-0.179417,-0.181056
19320531,-0.206198,-0.202303
19320630,-0.004289,0.041277
19320730,0.340643,0.433499
19320831,0.371386,0.665936
19320930,-0.028649,-0.059442
19321031,-0.132553,-0.164793
19321130,-0.05826,-0.073874
19321231,0.045227,-0.036622
19330131,0.009813,0.035883
19330228,-0.153204,-0.155443
19330331,0.033105,0.100121
19330429,0.394143,0.518249
19330531,0.213261,0.605986
19330630,0.133364,0.22643
19330731,-0.096341,-0.092417
19330831,0.121285,0.114552
19330930,-0.105836,-0.150009
19331031,-0.08365,-0.107887
19331129,0.099896,0.065094
19331230,0.017876,0.017242
19340131,0.126779,0.315546
19340228,-0.024287,0.010863
19340331,0.004425,0.008062
19340430,-0.018345,0.000264
19340531,-0.072273,-0.10724
19340630,0.025344,0.003578
19340731,-0.109366,-0.186303
19340831,0.057043,0.098561
19340929,-0.002362,-0.011748
19341031,-0.018895,-0.01923
19341130,0.082095,0.128705
19341231,0.003554,0.014735
19350131,-0.033416,-0.029663
19350228,-0.019462,-0.056016
19350330,-0.036013,-0.073353
19350430,0.090452,0.101628
19350531,0.034561,0.024401
19350629,0.057796,0.040189
19350731,0.07416,0.110382
19350831,0.026773,0.083084
19350930,0.026074,0.023798
19351031,0.069439,0.082776
19351130,0.052872,0.145782
19351231,0.046926,0.060243
19360131,0.069559,0.150165
19360229,0.025402,0.045619
19360331,0.008253,0.005947
19360430,-0.081481,-0.122963
19360529,0.052043,0.051218
19360630,0.024671,-0.000325
19360731,0.065954,0.08193
19360831,0.01095,0.021447
19360930,0.011899,0.032668
19361031,0.069986,0.063755
19361130,0.032854,0.091427
19361231,0.002796,0.027306
19370130,0.033258,0.076221
19370227,0.013114,0.023904
19370331,-0.002732,0.001065
19370430,-0.075416,-0.101024
19370528,-0.007054,-0.024524
19370630,-0.041748,-0.076702
19370731,0.089725,0.099611
19370831,-0.048365,-0.052749
19370930,-0.136623,-0.193182
19371030,-0.095798,-0.101549
19371130,-0.083053,-0.108639
19371231,-0.040774,-0.099215
19380131,0.006776,0.04206
19380228,0.058013,0.061061
19380331,-0.238416,-0.285564
19380430,0.145963,0.2062
19380531,-0.039053,-0.070462
19380630,0.237914,0.306353
19380730,0.072097,0.121836
19380831,-0.027139,-0.063787
19380930,0.008912,-0.014633
19381031,0.078927,0.144539
19381130,-0.018206,-0.03653
19381231,0.041919,0.033472
19390131,-0.060381,-0.075729
19390228,0.035255,0.041384
19390331,-0.120727,-0.173763
19390429,-0.001932,0.002429
19390531,0.068971,0.086137
19390630,-0.053626,-0.083303
19390731,0.102243,0.135497
19390831,-0.067264,-0.106495
19390930,0.161815,0.391878
19391031,-0.004191,-0.006939
19391130,-0.037131,-0.081311
19391230,0.029686,0.017811
19400131,-0.024215,-0.019978
19400229,0.014758,0.029733
19400330,0.018643,0.026168
19400430,0.000837,0.013115
19400531,-0.221112,-0.269754
19400629,0.066856,0.06655
19400731,0.031923,0.036805
19400831,0.024296,0.023221
19400930,0.023118,0.037207
19401031,0.030143,0.049218
19401130,-0.016752,-0.001669
19401231,0.006586,-0.018789
19410131,-0.041227,-0.007317
19410228,-0.013801,-0.019409
19410331,0.009515,0.014308
19410430,-0.054018,-0.057382
19410531,0.01314,0.010105
19410630,0.058495,0.066908
19410731,0.059543,0.130139
19410830,-0.001156,-0.00718
19410930,-0.007611,-0.020448
19411031,-0.052926,-0.06203
19411129,-0.020271,-0.034209
19411231,-0.046692,-0.081886
19420131,0.008979,0.130814
19420228,-0.023651,-0.017579
19420331,-0.065144,-0.05224
19420430,-0.043583,-0.04626
19420529,0.060174,0.028879
19420630,0.025772,0.025086
19420731,0.035326,0.046405
19420831,0.018408,0.028304
19420930,0.027069,0.047557
19421031,0.069088,0.101294
19421130,0.001177,-0.013177
19421231,0.05129,0.035554
19430130,0.073382,0.168551
19430227,0.060478,0.13093
19430331,0.061794,0.112136
19430430,0.007333,0.035466
19430529,0.057142,0.084513
19430630,0.017351,0.010979
19430731,-0.047753,-0.064335
19430831,0.013444,0.003373
19430930,0.024077,0.034867
19431030,-0.011573,-0.003943
19431130,-0.059903,-0.088584
19431231,0.064217,0.09873
19440131,0.01803,0.045949
19440229,0.003459,0.013018
19440331,0.024768,0.041526
19440429,-0.016484,-0.029289
19440531,0.050909,0.066135
19440630,0.056842,0.104935
19440731,-0.015194,-0.012724
19440831,0.015597,0.030082
19440930,0.000453,0.000252
19441031,0.002119,0.000953
19441130,0.016668,0.023183
19441230,0.04107,0.069303
19450131,0.020218,0.043353
19450228,0.064477,0.086339
19450331,-0.039177,-0.056802
19450430,0.078232,0.088844
19450531,0.018185,0.030017
19450630,0.004676,0.036565
19450731,-0.022066,-0.035068
19450831,0.061826,0.065928
19450929,0.048297,0.062646
19451031,0.038749,0.064522
19451130,0.054859,0.097574
19451231,0.013003,0.024073
19460131,0.063402,0.094677
19460228,-0.058257,-0.066906
19460330,0.057941,0.057922
19460430,0.042293,0.052109
19460531,0.040195,0.054749
19460628,-0.038668,-0.048887
19460731,-0.026309,-0.040842
19460830,-0.064468,-0.075327
19460930,-0.102023,-0.135552
19461031,-0.014164,-0.011814
19461130,0.000697,-0.002634
19461231,0.050161,0.046908
19470131,0.013084,0.030197
19470228,-0.011091,-0.007105
19470331,-0.01679,-0.030425
19470430,-0.047698,-0.08168
19470529,-0.009625,-0.037321
19470630,0.053226,0.057096
19470731,0.041348,0.06167
19470829,-0.017357,-0.017166
19470930,-0.004667,0.005783
19471031,0.024831,0.033156
19471129,-0.01875,-0.029305
19471231,0.030708,0.023863
19480131,-0.037908,-0.016276
19480228,-0.043422,-0.059451
19480331,0.082628,0.095843
19480430,0.038128,0.040151
19480528,0.074319,0.08763
19480630,-0.00028,-0.012534
19480730,-0.050288,-0.053733
19480831,0.003762,-0.001818
19480930,-0.029813,-0.042785
19481030,0.060316,0.053201
19481130,-0.092077,-0.10632
19481231,0.032566,0.013703
19490131,0.003074,0.017749
19490228,-0.028852,-0.041302
19490331,0.041537,0.059309
19490430,-0.017972,-0.03149
19490531,-0.028488,-0.043168
19490630,0.00218,-0.007713
19490729,0.056377,0.062022
19490831,0.026916,0.02602
19490930,0.032082,0.043249
19491031,0.031801,0.039025
19491130,0.018535,0.0094
19491231,0.052267,0.07012
19500131,0.017764,0.040293
19500228,0.015234,0.016102
19500331,0.012742,-0.00177
19500429,0.040678,0.047443
19500531,0.044173,0.033185
19500630,-0.058018,-0.075737
19500731,0.016122,0.050635
19500831,0.050875,0.051892
19500929,0.049044,0.055013
19501031,-0.001184,-0.005504
19501130,0.029056,0.031622
19501230,0.057946,0.084545
19510131,0.058735,0.076248
19510228,0.014086,0.011586
19510331,-0.021115,-0.03389
19510430,0.050061,0.040814
19510531,-0.022464,-0.024919
19510629,-0.025533,-0.044929
19510731,0.071611,0.063332
19510831,0.045004,0.047438
19510928,0.009087,0.023631
19511031,-0.022629,-0.023609
19511130,0.006193,0.007185
19511231,0.035266,0.015248
19520131,0.017002,0.017491
19520229,-0.025141,-0.02065
19520331,0.04587,0.028864
19520430,-0.049148,-0.044936
19520529,0.032847,0.024515
19520630,0.039575,0.030728
19520731,0.011404,0.010652
19520829,-0.006733,0.000056
19520930,-0.019147,-0.01516
19521031,-0.005309,-0.011717
19521128,0.059347,0.055644
19521231,0.031066,0.022641
19530130,-0.001644,0.024706
19530227,-0.00182,0.012031
19530331,-0.012862,-0.010486
19530430,-0.027705,-0.024027
19530529,0.006921,0.005896
19530630,-0.016377,-0.031671
19530731,0.025111,0.017571
19530831,-0.044056,-0.051874
19530930,0.00301,-0.011005
19531030,0.047523,0.037834
19531130,0.028501,0.021317
19531231,0.000678,-0.015444
19540129,0.052722,0.071683
19540226,0.017551,0.013576
19540331,0.037377,0.02915
19540430,0.043162,0.016373
19540528,0.031704,0.043151
19540630,0.01156,0.012275
19540730,0.050668,0.071989
19540831,-0.022763,-0.009175
19540930,0.064633,0.044308
19541029,-0.016216,-0.00686
19541130,0.095387,0.092199
19541231,0.055469,0.087724
19550131,0.006838,0.014124
19550228,0.031354,0.042781
19550331,-0.000995,0.00053
19550429,0.032352,0.022598
19550531,0.012033,0.007814
19550630,0.066108,0.034694
19550729,0.020246,0.008001
19550831,0.004197,0.005764
19550930,-0.002009,-0.007751
19551031,-0.025752,-0.017815
19551130,0.071864,0.055257
19551230,0.016543,0.022836
19560131,-0.028119,-0.020746
19560229,0.03961,0.033613
19560329,0.068456,0.051383
19560430,0.005083,0.003827
19560531,-0.049309,-0.039964
19560629,0.037251,0.021712
19560731,0.05083,0.039967
19560831,-0.02982,-0.018161
19560928,-0.049608,-0.035938
19561031,0.007292,0.007063
19561130,0.004678,0.005277
19561231,0.034957,0.023122
19570131,-0.032121,0.003613
19570228,-0.018703,-0.023299
19570329,0.024112,0.022499
19570430,0.045179,0.025909
19570531,0.036679,0.022263
19570628,-0.005054,-0.006747
19570731,0.008938,0.00561
19570830,-0.050051,-0.05019
19570930,-0.057586,-0.052982
19571031,-0.041251,-0.065213
19571129,0.025605,0.021027
19571231,-0.03736,-0.049129
19580131,0.049595,0.106481
19580228,-0.014257,-0.011845
19580331,0.0337,0.035918
19580430,0.030833,0.030171
19580529,0.024582,0.039475
19580630,0.029493,0.031729
19580731,0.044844,0.054168
19580829,0.019181,0.029878
19580930,0.04868,0.052239
19581031,0.027184,0.032975
19581128,0.03061,0.042114
19581231,0.053099,0.03879
19590130,0.00912,0.041502
19590227,0.01122,0.028112
19590331,0.004669,0.012223
19590430,0.037899,0.025714
19590529,0.019595,0.008206
19590630,0.000676,0.004149
19590731,0.034362,0.030062
19590831,-0.012446,-0.014839
19590930,-0.044977,-0.04576
19591030,0.015746,0.023206
19591130,0.018557,0.01504
19591231,0.028043,0.021177
19600129,-0.066244,-0.039202
19600229,0.014419,0.008478
19600331,-0.012822,-0.024876
19600429,-0.015271,-0.01973
19600531,0.034098,0.025546
19600630,0.022833,0.021609
19600729,-0.022705,-0.019598
19600831,0.032215,0.037948
19600930,-0.058673,-0.059524
19601031,-0.004705,-0.02323
19601130,0.048617,0.046494
19601230,0.048537,0.037495
19610131,0.063952,0.082048
19610228,0.037005,0.06013
19610330,0.03061,0.049888
19610428,0.005645,0.009487
19610531,0.025894,0.041572
19610630,-0.028499,-0.042415
19610731,0.029955,0.011517
19610831,0.026854,0.021358
19610929,-0.01999,-0.029686
19611031,0.027331,0.020988
19611130,0.045451,0.046461
19611229,0.000713,-0.003757
19620131,-0.036147,-0.007807
19620228,0.019512,0.015405
19620330,-0.004688,-0.006241
19620430,-0.063435,-0.068134
19620531,-0.08462,-0.098186
19620629,-0.082615,-0.085125
19620731,0.065438,0.064
19620831,0.023414,0.037061
19620928,-0.050154,-0.06383
19621031,0.002184,-0.039528
19621130,0.110137,0.121176
19621231,0.011865,-0.025561
19630131,0.051848,0.08914
19630228,-0.021931,-0.014477
19630329,0.032917,0.012027
19630430,0.047439,0.02689
19630531,0.020051,0.032306
19630628,-0.01803,-0.010383
19630731,-0.001718,-0.006304
19630830,0.052684,0.042305
19630930,-0.011898,-0.010373
19631031,0.027708,0.012208
19631129,-0.005549,-0.016139
19631231,0.021736,-0.004228
19640131,0.02579,0.032092
19640228,0.017207,0.025173
19640331,0.017636,0.02551
19640430,0.004608,0.001004
19640528,0.017403,0.007507
19640630,0.01508,0.010411
19640731,0.020118,0.030161
19640831,-0.011266,-0.006038
19640930,0.03048,0.038248
19641030,0.008869,0.018821
19641130,0.003089,-0.000516
19641231,0.00369,-0.012365
19650129,0.038646,0.071403
19650226,0.006946,0.032315
19650331,-0.009715,0.015393
19650430,0.033652,0.04156
19650528,-0.00435,-0.005845
19650630,-0.051868,-0.083718
19650730,0.016759,0.028633
19650831,0.030883,0.041844
19650930,0.031952,0.02742
19651029,0.029271,0.058679
19651130,0.003065,0.046544
19651231,0.013545,0.042981
19660131,0.012122,0.06417
19660228,-0.008621,0.028865
19660331,-0.020923,-0.008889
19660429,0.024837,0.046619
19660531,-0.052539,-0.086024
19660630,-0.010317,-0.004988
19660729,-0.01287,-0.016316
19660831,-0.075388,-0.100714
19660930,-0.006958,-0.018161
19661031,0.042294,-0.014385
19661130,0.017516,0.040725
19661230,0.00621,0.017306
19670131,0.08553,0.172104
19670228,0.010945,0.042368
19670331,0.043384,0.058244
19670428,0.041609,0.041928
19670531,-0.039293,-0.008098
19670630,0.026903,0.081958
19670731,0.049189,0.083251
19670831,-0.006282,0.006312
19670929,0.034286,0.062963
19671031,-0.027433,-0.020594
19671130,0.007902,0.000878
19671229,0.033699,0.080465
19680131,-0.03633,0.023902
19680229,-0.033624,-0.056118
19680329,0.005116,-0.011218
19680430,0.094148,0.143031
19680531,0.027041,0.091309
19680628,0.011527,0.016225
19680730,-0.022024,-0.02621
19680830,0.018038,0.035918
19680930,0.044454,0.068808
19681031,0.009041,0.006913
19681129,0.058502,0.071994
19681231,-0.033873,0.005896
19690131,-0.006711,-0.001688
19690228,-0.05364,-0.085728
19690328,0.030506,0.02029
19690430,0.020526,0.003459
19690529,0.00504,0.006262
19690630,-0.067387,-0.113404
19690731,-0.065172,-0.095823
19690829,0.05149,0.052175
19690930,-0.02259,-0.024618
19691031,0.055638,0.092413
19691128,-0.032164,-0.055078
19691231,-0.019681,-0.066178
19700130,-0.073254,-0.03883
19700227,0.056706,0.040195
19700331,-0.004729,-0.023712
19700430,-0.105318,-0.161963
19700529,-0.064346,-0.090524
19700630,-0.051075,-0.073904
19700731,0.074169,0.059258
19700831,0.050036,0.061617
19700930,0.047536,0.126098
19701030,-0.018208,-0.058604
19701130,0.050448,0.003021
19701231,0.060723,0.081324
19710129,0.05203,0.136096
19710226,0.016913,0.04791
19710331,0.044778,0.056603
19710430,0.033332,0.027087
19710528,-0.036409,-0.049435
19710630,0.003119,-0.01724
19710730,-0.040283,-0.053634
19710831,0.042511,0.041159
19710930,-0.005016,-0.004653
19711029,-0.040682,-0.057468
19711130,-0.001262,-0.03415
19711231,0.091257,0.117128
19720131,0.028383,0.103892
19720229,0.031349,0.041809
19720330,0.008722,-0.000951
19720428,0.005505,0.001231
19720531,0.016375,-0.018121
19720630,-0.020896,-0.033775
19720731,-0.004254,-0.029488
19720831,0.035966,0.012252
19720929,-0.007671,-0.030725
19721031,0.008676,-0.013767
19721130,0.049764,0.051096
19721229,0.011243,-0.019873
19730131,-0.027455,-0.026133
19730228,-0.044368,-0.072836
19730330,-0.007851,-0.028981
19730430,-0.051759,-0.07062
19730531,-0.024503,-0.083582
19730629,-0.008647,-0.037745
19730731,0.056954,0.105922
19730831,-0.029648,-0.044417
19730928,0.053937,0.072995
19731031,-0.000427,0.000303
19731130,-0.120703,-0.175252
19731231,0.011425,-0.041764
19740131,0.004408,0.132374
19740228,0.002352,0.008623
19740329,-0.023365,0.008379
19740430,-0.045957,-0.055537
19740531,-0.041982,-0.072545
19740628,-0.022942,-0.033483
19740731,-0.070879,-0.051915
19740830,-0.087756,-0.085788
19740930,-0.109718,-0.079025
19741031,0.165585,0.088877
19741129,-0.041047,-0.051395
19741231,-0.027005,-0.080744
19750131,0.1416,0.29926
19750228,0.058411,0.053918
19750331,0.030191,0.081497
19750430,0.046497,0.031093
19750530,0.05514,0.072876
19750630,0.051473,0.071792
19750731,-0.060385,-0.00896
19750829,-0.023557,-0.048118
19750930,-0.03801,-0.038867
19751031,0.055857,0.01472
19751128,0.031223,0.016796
19751231,-0.010998,-0.000599
19760130,0.126011,0.190037
19760227,0.007314,0.106291
19760331,0.026799,0.018109
19760430,-0.010389,-0.00381
19760528,-0.009369,-0.01968
19760630,0.044487,0.02651
19760730,-0.006157,0.002236
19760831,-0.001435,-0.016673
19760930,0.024484,0.01699
19761029,-0.020373,-0.022586
19761130,0.005364,0.026686
19761231,0.061591,0.10241
19770131,-0.036337,0.036903
19770228,-0.01576,0.0044
19770331,-0.009246,0.010654
19770429,0.004952,0.016931
19770531,-0.010785,0.00287
19770630,0.051367,0.051503
19770729,-0.01281,0.012362
19770831,-0.013352,-0.001233
19770930,0.001574,0.014968
19771031,-0.03928,-0.02319
19771130,0.045432,0.070872
19771230,0.008218,0.021081
19780131,-0.055202,-0.011152
19780228,-0.009275,0.026008
19780331,0.034013,0.067839
19780428,0.082841,0.079317
19780531,0.023238,0.06762
19780630,-0.010751,0.010292
19780731,0.056749,0.052394
19780831,0.042352,0.093545
19780929,-0.006891,0.0062
19781031,-0.110997,-0.17728
19781130,0.033792,0.038205
19781229,0.01771,0.014346
19790131,0.049489,0.093661
19790228,-0.026766,-0.016269
19790330,0.065618,0.084167
19790430,0.008522,0.028814
19790531,-0.013576,-0.006845
19790629,0.04685,0.054663
19790731,0.014991,0.021366
19790831,0.064728,0.075616
19790928,0.001428,-0.001172
19791031,-0.07266,-0.097915
19791130,0.063603,0.065295
19791231,0.028212,0.067485
19800131,0.065607,0.105129
19800229,0.001015,-0.006301
19800331,-0.120224,-0.165043
19800430,0.052288,0.053461
19800530,0.06009,0.071249
19800630,0.037714,0.046176
19800731,0.069438,0.089279
19800829,0.023553,0.063984
19800930,0.029498,0.052459
19801031,0.020093,0.047525
19801128,0.104951,0.069205
19801231,-0.034409,-0.032416
19810130,-0.040085,0.005615
19810227,0.015521,0.00215
19810331,0.046184,0.072674
19810430,-0.011268,0.027885
19810529,0.013551,0.027187
19810630,-0.010242,-0.013194
19810731,-0.00308,-0.01998
19810831,-0.056279,-0.071906
19810930,-0.063772,-0.090061
19811030,0.060162,0.069728
19811130,0.045849,0.021667
19811231,-0.028096,-0.019694
19820129,-0.026209,-0.017347
19820226,-0.051126,-0.047987
19820331,-0.010099,-0.012064
19820430,0.043267,0.052242
19820528,-0.028212,-0.02249
19820630,-0.023912,-0.036699
19820730,-0.020526,-0.014776
19820831,0.119013,0.063285
19820930,0.016761,0.033164
19821029,0.118636,0.128447
19821130,0.051935,0.092037
19821231,0.014516,0.023447
19830131,0.04185,0.117062
19830228,0.030219,0.047266
19830331,0.034673,0.050515
19830429,0.074188,0.080687
19830531,0.013226,0.09174
19830630,0.037838,0.046341
19830729,-0.031567,-0.017556
19830831,0.003463,-0.03292
19830930,0.016059,0.000051
19831031,-0.028049,-0.059273
19831130,0.029556,0.031713
19831230,-0.010464,-0.019672
19840131,-0.013023,0.005424
19840229,-0.039073,-0.050767
19840330,0.013389,0.007449
19840430,0.002534,-0.020524
19840531,-0.052342,-0.05157
19840629,0.023385,0.011996
19840731,-0.020621,-0.050303
19840831,0.112689,0.088817
19840928,0.000404,-0.000377
19841031,-0.000074,-0.023756
19841130,-0.010685,-0.031506
19841231,0.023656,0.002732
19850131,0.085718,0.121475
19850228,0.016896,0.046034
19850329,-0.001747,-0.003581
19850430,-0.002186,-0.009652
19850531,0.055775,0.022221
19850628,0.017091,0.002103
19850731,-0.000251,0.021382
19850830,-0.004795,-0.002214
19850930,-0.039825,-0.056859
19851031,0.044441,0.017652
19851129,0.069228,0.052563
19851231,0.043061,0.028021
19860131,0.009829,0.044071
19860228,0.0725,0.060381
19860331,0.053885,0.047192
19860430,-0.0079,0.016144
19860530,0.050844,0.036194
19860630,0.014246,0.008087
19860731,-0.0597,-0.073128
19860829,0.066181,0.023269
19860930,-0.079021,-0.059071
19861031,0.049303,0.023777
19861128,0.015093,-0.006263
19861231,-0.026388,-0.034609
19870130,0.128496,0.117565
19870227,0.047918,0.074612
19870331,0.023664,0.036283
19870430,-0.017001,-0.017709
19870529,0.005125,0.000573
19870630,0.043662,0.021487
19870731,0.044248,0.035123
19870831,0.037146,0.014544
19870930,-0.020774,-0.015876
19871030,-0.225363,-0.272248
19871130,-0.072273,-0.05085
19871231,0.070327,0.026065
19880129,0.04488,0.077392
19880229,0.051695,0.060265
19880331,-0.016598,0.03569
19880429,0.010991,0.014016
19880531,0.000448,-0.017671
19880630,0.05146,0.047677
19880729,-0.007272,0.000289
19880831,-0.028006,-0.025001
19880930,0.037202,0.016951
19881031,0.017637,-0.011485
19881130,-0.016412,-0.036484
19881230,0.021075,0.018872
19890131,0.066103,0.062124
19890228,-0.016446,0.002988
19890331,0.021465,0.01806
19890428,0.048204,0.029089
19890531,0.039338,0.025054
19890630,-0.004866,-0.007744
19890731,0.077131,0.031017
19890831,0.022127,0.018626
19890929,-0.001474,0.005532
19891031,-0.029281,-0.049934
19891130,0.017815,-0.0058
19891229,0.018295,-0.012375
19900131,-0.070115,-0.046408
19900228,0.014901,0.015434
19900330,0.02414,0.021315
19900430,-0.028286,-0.028117
19900531,0.088936,0.045675
19900629,-0.004196,0.005359
19900731,-0.009405,-0.025732
19900831,-0.091896,-0.108911
19900928,-0.053843,-0.080468
19901031,-0.012504,-0.057155
19901130,0.065744,0.035468
19901231,0.029513,-0.004526
19910131,0.049078,0.084175
19910228,0.075847,0.133898
19910328,0.028923,0.078293
19910430,0.003322,0.031962
19910531,0.040732,0.031385
19910628,-0.044029,-0.031773
19910731,0.046795,0.034202
19910830,0.026819,0.027507
19910930,-0.010975,0.00813
19911031,0.017789,0.024639
19911129,-0.037275,-0.023735
19911231,0.106778,0.035353
19920131,-0.001182,0.14997
19920228,0.013354,0.052124
19920331,-0.0237,-0.014169
19920430,0.013419,-0.033262
19920529,0.006439,0.005678
19920630,-0.019287,-0.039215
19920731,0.0399,0.027617
19920831,-0.02082,-0.0239
19920930,0.012447,0.01105
19921030,0.010986,0.016224
19921130,0.040193,0.066686
19921231,0.017768,0.035677
19930129,0.012643,0.067612
19930226,0.005402,-0.007198
19930331,0.025116,0.031465
19930430,-0.0254,-0.011112
19930528,0.029598,0.03874
19930630,0.00544,0.013419
19930730,-0.000795,0.013719
19930831,0.039479,0.039698
19930930,0.000641,0.025507
19931029,0.018064,0.040518
19931130,-0.017606,-0.024467
19931231,0.019513,0.01619
19940131,0.031466,0.049166
19940228,-0.024224,-0.009952
19940331,-0.045795,-0.045962
19940429,0.009478,-0.011728
19940531,0.00936,-0.000831
19940630,-0.027909,-0.028182
19940729,0.030633,0.015778
19940831,0.042597,0.036756
19940930,-0.018363,0.004865
19941031,0.01452,-0.003305
19941130,-0.037219,-0.040741
19941230,0.012609,-0.013424
19950131,0.020399,0.02786
19950228,0.039615,0.028369
19950331,0.027041,0.019518
19950428,0.025048,0.026976
19950531,0.034007,0.02027
19950630,0.031173,0.049917
19950731,0.040783,0.054708
19950831,0.009305,0.032043
19950929,0.036362,0.0264
19951031,-0.011317,-0.041473
19951130,0.042708,0.016659
19951229,0.01519,0.008928
19960131,0.028144,0.034657
19960229,0.01631,0.032305
19960329,0.010927,0.024086
19960430,0.025511,0.058049
19960531,0.0268,0.062615
19960628,-0.008298,-0.032167
19960731,-0.053819,-0.079602
19960830,0.032463,0.045634
19960930,0.053035,0.028753
19961031,0.013739,-0.020842
19961129,0.065569,0.024696
19961231,-0.011388,-0.002604
19970131,0.053473,0.063831
19970228,-0.001122,-0.010299
19970331,-0.044868,-0.049224
19970430,0.042373,-0.021596
19970530,0.071624,0.085194
19970630,0.044095,0.043145
19970731,0.076514,0.048824
19970829,-0.03629,0.027605
19970930,0.058499,0.081737
19971031,-0.034436,-0.026145
19971128,0.030404,-0.022063
19971231,0.017817,-0.023875
19980130,0.004502,0.015367
19980227,0.073303,0.060451
19980331,0.051301,0.046884
19980430,0.010903,0.023243
19980529,-0.025748,-0.042571
19980630,0.031944,-0.02915
19980731,-0.023367,-0.050546
19980831,-0.157839,-0.196383
19980930,0.063827,0.043248
19981030,0.074393,0.037827
19981130,0.062024,0.075912
19981231,0.063051,0.018861
19990129,0.038456,0.064848
19990226,-0.038085,-0.042172
19990331,0.037932,-0.001373
19990430,0.049105,0.0839
19990528,-0.020708,0.025134
19990630,0.05082,0.038391
19990730,-0.030716,0.007271
19990831,-0.009987,-0.030607
19990930,-0.022846,-0.01425
19991029,0.062147,-0.001351
19991130,0.036822,0.091409
19991231,0.083758,0.08483
20000131,-0.039612,0.05061
20000229,0.031777,0.120436
20000331,0.0535,-0.000429
20000428,-0.05953,-0.088504
20000531,-0.038871,-0.057324
20000630,0.051597,0.079228
20000731,-0.017712,-0.019354
20000831,0.075007,0.059257
20000929,-0.051145,-0.040102
20001031,-0.024492,-0.066807
20001130,-0.102371,-0.118559
20001229,0.020426,-0.007035
20010131,0.039599,0.225012
20010228,-0.099099,-0.074508
20010330,-0.07039,-0.072696
20010430,0.083831,0.076441
20010531,0.010458,0.062201
20010629,-0.017554,0.00772
20010731,-0.018294,-0.028407
20010831,-0.05898,-0.035009
20010928,-0.091488,-0.127801
20011031,0.027833,0.078105
20011130,0.07878,0.08081
20011231,0.017848,0.057742
20020131,-0.015977,0.018178
20020228,-0.021695,-0.03306
20020328,0.044682,0.074666
20020430,-0.049617,-0.003169
20020531,-0.010523,-0.015518
20020628,-0.070249,-0.067318
20020731,-0.081152,-0.107499
20020830,0.007979,0.006337
20020930,-0.09992,-0.08449
20021031,0.074923,0.042773
20021129,0.061271,0.117775
20021231,-0.053313,-0.040159
20030131,-0.023392,0.006068
20030228,-0.01539,-0.021448
20030331,0.010325,0.009434
20030430,0.082762,0.098222
20030530,0.063471,0.133177
20030630,0.016336,0.049741
20030731,0.023112,0.061927
20030829,0.024966,0.047429
20030930,-0.009112,0.025239
20031031,0.060319,0.08093
20031128,0.016593,0.038147
20031231,0.045489,0.038908
20040130,0.023049,0.065763
20040227,0.015458,0.01372
20040331,-0.010674,0.006293
20040430,-0.024232,-0.04359
20040528,0.014068,0.002592
20040630,0.021578,0.022729
20040730,-0.037666,-0.051082
20040831,0.002714,-0.004725
20040930,0.020547,0.041594
20041029,0.017805,0.020837
20041130,0.048207,0.079929
20041231,0.035177,0.05292
20050131,-0.026552,-0.029278
20050228,0.022681,0.016637
20050331,-0.016948,-0.031835
20050429,-0.025185,-0.046509
20050531,0.037954,0.043808
20050630,0.011533,0.032153
20050729,0.043325,0.058745
20050831,-0.005946,-0.007217
20050930,0.010606,0.01053
20051031,-0.020877,-0.033876
20051130,0.040329,0.034319
20051230,0.003456,0.013484
20060131,0.040033,0.076354
20060228,-0.00164,0.004836
20060331,0.019053,0.036978
20060428,0.012964,0.009761
20060531,-0.03104,-0.044331
20060630,-0.00037,-0.00844
20060731,-0.001878,-0.022651
20060831,0.025063,0.025128
20060929,0.019443,0.009016
20061031,0.037106,0.0463
20061130,0.023723,0.031255
20061229,0.010848,0.014753
20070131,0.019403,0.022341
20070228,-0.014011,0.002148
20070330,0.012948,0.006576
20070430,0.039852,0.026955
20070531,0.038915,0.023034
20070629,-0.014724,-0.007856
20070731,-0.031729,-0.043616
20070831,0.011626,-0.011784
20070928,0.040902,0.0253
20071031,0.025846,0.017265
20071130,-0.049379,-0.077085
20071231,-0.004311,-0.010871
20080131,-0.062284,-0.044588
20080229,-0.021969,-0.021883
20080331,-0.010375,-0.025962
20080430,0.051126,0.031214
20080530,0.023896,0.032184
20080630,-0.078603,-0.087051
20080731,-0.013199,-0.001057
20080829,0.011121,0.014172
20080930,-0.09815,-0.120864
20081031,-0.184632,-0.205995
20081128,-0.085338,-0.136592
20081231,0.021542,0.043108
20090130,-0.07748,-0.019053
20090227,-0.101125,-0.111723
20090331,0.087672,0.113315
20090430,0.110546,0.20416
20090529,0.067338,0.106596
20090630,-0.002763,0.02726
20090731,0.082484,0.088173
20090831,0.031944,0.061285
20090930,0.045234,0.07547
20091030,-0.02841,-0.053908
20091130,0.057389,0.027781
20091231,0.029163,0.059351
20100129,-0.037116,-0.009022
20100226,0.035357,0.035837
20100331,0.064428,0.073005
20100430,0.020276,0.064485
20100528,-0.079922,-0.079465
20100630,-0.051985,-0.060717
20100730,0.071147,0.060484
20100831,-0.043857,-0.051243
20100930,0.09251,0.100232
20101029,0.038957,0.043038
20101130,0.005611,0.013447
20101231,0.067878,0.072179
20110131,0.020209,0.015515
20110228,0.038656,0.039446
20110331,0.002895,0.008717
20110429,0.028247,0.017894
20110531,-0.014667,-0.018984
20110630,-0.018481,-0.02579
20110729,-0.023528,-0.023699
20110831,-0.058535,-0.080351
20110930,-0.084302,-0.105252
20111031,0.115347,0.112389
20111130,-0.006133,-0.021163
20111230,0.004885,-0.002325
20120131,0.053938,0.092238
20120229,0.042024,0.038138
20120330,0.02528,0.021314
20120430,-0.006826,-0.0093
20120531,-0.065837,-0.07104
20120629,0.038482,0.035603
20120731,0.010332,-0.004701
20120831,0.02659,0.026505
20120928,0.026613,0.037578
20121031,-0.014378,-0.015447
20121130,0.00623,0.002596
20121231,0.012314,0.022355
20130131,0.055808,0.070443
20130228,0.00918,0.005085
20130328,0.036312,0.035209
20130430,0.01529,0.001388
20130531,0.020941,0.030189
20130628,-0.014265,-0.010088
20130731,0.053558,0.060057
20130830,-0.026043,-0.01767
20130930,0.037654,0.055586
20131031,0.040421,0.026175
20131129,0.025935,0.027553
20131231,0.026916,0.028841
20140131,-0.030025,0.002809
20140228,0.046445,0.046481
20140331,0.004499,0.00033
20140430,0.001499,-0.027622
20140530,0.020501,0.005366
20140630,0.028259,0.043852
20140731,-0.020671,-0.039866
20140829,0.040981,0.036738
20140930,-0.024705,-0.047826
20141031,0.021445,0.015858
20141128,0.0218,-0.003192
20141231,-0.003279,0.00279
20150130,-0.028445,-0.021517
20150227,0.057157,0.058636
20150331,-0.01055,-0.004043
20150430,0.008545,0.014029
20150529,0.010785,0.005495
20150630,-0.019194,-0.012181
20150731,0.012764,-0.030747
20150831,-0.060506,-0.047619
20150930,-0.03425,-0.054642
20151030,0.075048,0.054169
20151130,0.002714,0.010769
20151231,-0.022341,-0.039727